{"9cfe8c58-32e0-4523-0727-e743cae5ec0f":{"first_name":"jaehyun","last_name":"jung","user_email":"jeahyun@nct.gmail.com","institution":"sm","designation":"idol","user_role":"user, 1698425433674, not available, not available"},"b8aff356-bf0a-4b43-0499-9e6fd6c0fc08":{"first_name":"jaehyun","last_name":"jung","user_email":"jeahyun@nct.gmail.com","institution":"sm","designation":"idol","user_role":"user, 1698425433674, not available, not available"},"50760d77-852f-40b8-aea0-5da91cc810b9":{"first_name":"fred","last_name":"george","user_email":"fred@george.com","institution":"ini","designation":"jnjn","user_role":"User, 1698441841514, not available, not available"},"36432583-7937-463b-3bcb-e0ab986bf8a2":{"first_name":"jshuj","last_name":"hhjjj","user_email":"a@b.com","institution":"inc","designation":"knk","user_role":"User, 1698442373113, not available, not available"}}